,nameFirst,nameLast,BAT_ID,RE24,PA,Runs.Start
1,Jose,Abreu,abrej003,20.93910346,693,370.1161416
2,Ronald,Acuna,acunr001,38.57064041,715,360.8832822
3,Austin,Adams,adama002,-0.458658623,1,0.458658623
4,Cristhian,Adames,adamc001,-0.010752136,24,11.69190042
5,Matt,Adams,adamm002,-0.317090948,333,175.7367996
6,Willy,Adames,adamw002,-13.33164423,584,291.0573919
7,Jim,Adduci,adduj002,-1.123667252,5,1.652513524
8,Ehire,Adrianza,adrie001,1.029039388,236,121.0310834
9,Dario,Agrazal,agrad001,-4.171910125,24,14.7877314
10,Jesus,Aguilar,aguij001,-2.254024061,369,193.7440305
11,Nick,Ahmed,ahmen001,-1.155312966,625,338.7802249
12,R.J.,Alaniz,alanr001,0.905526182,1,0.333237863
13,Hanser,Alberto,albeh001,-0.684859125,550,264.5038971
14,Ozzie,Albies,albio001,23.43684964,702,338.0283971
15,Sandy,Alcantara,alcas001,-7.62140031,63,27.00111479
16,Jorge,Alfaro,alfaj002,-9.948293511,465,247.7477659
17,Anthony,Alford,alfoa002,-3.298064727,30,15.66845922
18,Kolby,Allard,allak001,-0.355258012,2,0.580164455
19,Austin,Allen,allea001,-7.396095346,71,37.51678385
20,Cody,Allen,allec002,-0.458658623,1,0.458658623
21,Greg,Allen,alleg002,-6.233922102,256,135.7612182
22,Logan,Allen,allel002,-0.123861913,5,2.372590032
23,Abraham,Almonte,almoa001,0.55475707,38,23.77679661
24,Albert,Almora,almoa002,-25.35376496,363,195.2387875
25,Yency,Almonte,almoy001,-1.017759543,5,1.71037722
26,Pete,Alonso,alonp001,38.8943493,693,355.0897077
27,Yonder,Alonso,alony001,-11.84886581,335,169.6678794
28,Aaron,Altherr,altha001,-9.551719154,66,32.5213992
29,Jose,Altuve,altuj001,12.65953188,548,290.2968253
30,Yordan,Alvarez,alvay001,34.60141968,369,208.9000723
31,Adbert,Alzolay,alzoa001,-1.828662782,5,2.343651452
32,Brett,Anderson,andeb004,0.632916403,8,3.44408244
33,Brian,Anderson,andeb006,11.12415272,520,256.479037
34,Chase,Anderson,andec001,-6.994238346,44,22.09230885
35,Drew,Anderson,anded003,-0.244456635,1,0.534538863
36,Shaun,Anderson,andes002,-4.839702138,28,12.80890629
37,Tim,Anderson,andet001,10.82827922,518,271.4897155
38,Tyler,Anderson,andet002,-2.266996416,8,6.152039395
39,Tanner,Anderson,andet003,-0.177629006,1,0.290082228
40,Elvis,Andrus,andre001,-9.526412082,648,336.2100347
41,Matt,Andriese,andrm001,-1.908806329,6,2.744607402
42,Miguel,Andujar,andum001,-11.77776379,49,29.71519249
43,Aristides,Aquino,aquia001,6.399483342,225,114.2405436
44,Chris,Archer,archc001,-6.898593456,41,21.54324693
45,Orlando,Arcia,arcio002,-20.14867396,546,295.4208352
46,Nolan,Arenado,arenn001,50.21239964,662,328.1285889
47,Randy,Arozarena,arozr001,0.463515658,23,15.86589642
48,Luis,Arraez,arral001,11.57477993,366,166.8330246
49,Jake,Arrieta,arrij001,-6.866598326,50,28.01855262
50,Christian,Arroyo,arroc001,-0.999435749,57,27.97644981
51,Humberto,Arteaga,arteh001,-10.31939456,135,63.03791999
52,Willians,Astudillo,astuw001,-5.161737342,204,103.3971803
53,Tyler,Austin,austt001,1.177767559,179,87.423158
54,Abiatal,Avelino,avela001,-0.280553385,8,3.300611734
55,Alex,Avila,avila001,1.906618479,201,106.0308342
56,Pedro,Avila,avilp001,-0.278758778,2,1.279376062
57,Harrison,Bader,badeh001,-3.532977014,406,213.1439325
58,Javier,Baez,baezj001,9.757413313,561,292.9482974
59,Homer,Bailey,bailh001,0.394057792,5,1.964366962
60,Austin,Barnes,barna001,-11.16683006,242,126.1433831
61,Matt,Barnes,barnm001,-0.112453222,1,0.112453222
62,Tucker,Barnhart,barnt001,-1.793591278,364,183.889115
63,Steven,Baron,baros002,-0.989204312,10,4.343957234
64,Franklin,Barreto,barrf001,-7.252439083,58,30.71997102
65,Jaime,Barria,barrj003,-0.356909857,2,0.646992085
66,Tres,Barrera,barrt004,-1.163789562,2,1.544777868
67,Chris,Bassitt,bassc001,-1.137591403,5,2.453529171
68,Jake,Bauers,bauej001,-6.496302175,423,208.7634405
69,Trevor,Bauer,bauet001,-3.298250567,22,9.213498419
70,Matt,Beaty,beatm001,8.450874921,268,143.4996385
71,Gordon,Beckham,beckg001,-20.11770611,240,116.7219803
72,Tim,Beckham,beckt001,6.543501695,328,164.0745807
73,Tyler,Beede,beedt001,-7.615859919,43,20.65217159
74,Jalen,Beeks,beekj001,-0.528846273,3,0.641299494
75,Cody,Bellinger,bellc002,59.32992273,661,338.3624904
76,Josh,Bell,bellj005,37.60965682,613,339.827359
77,Brandon,Belt,beltb001,-0.564169772,616,314.7018101
78,Anthony,Bemboom,bemba001,-8.607441932,56,28.71407831
79,Andrew,Benintendi,benia002,7.080789374,615,311.5246549
80,Jose,Berrios,berrj001,-0.564880964,5,2.342761198
81,Jon,Berti,bertj001,2.672086511,287,143.2557208
82,Chad,Bettis,bettc001,-1.921878345,10,4.782627357
83,Mookie,Betts,bettm001,41.71540126,706,348.832922
84,Bo,Bichette,bichb001,3.017954823,212,101.2545175
85,Shane,Bieber,biebs001,-2.047820002,5,2.918066684
86,Cavan,Biggio,biggc002,16.66201658,430,211.1757072
87,Greg,Bird,birdg001,-1.36268122,41,17.69657962
88,Braden,Bishop,bishb001,-7.495032167,60,28.82585599
89,Charlie,Blackmon,blacc001,34.74920609,634,311.0420037
90,Ty,Blach,blact002,-0.112453222,1,0.112453222
91,Alex,Blandino,blana002,0.066090143,51,25.77587787
92,Xander,Bogaerts,bogax001,44.2083909,698,368.3674306
93,Ronald,Bolanos,bolar001,1.250203463,5,3.278215286
94,Skye,Bolt,bolts001,-1.766020639,11,5.157825763
95,Jorge,Bonifacio,bonij002,2.1108963,21,9.629458889
96,David,Bote,boted002,9.970082543,356,177.9045995
97,Justin,Bour,bourj002,-3.852601917,170,94.33998777
98,Peter,Bourjos,bourp001,-10.22507368,46,26.78362956
99,Matthew,Bowman,bowmm001,-0.244456635,1,0.534538863
100,Matt,Boyd,boydm001,-0.036034691,2,1.701461704
101,Brad,Brach,bracb001,1.106529213,5,3.076469371
102,Archie,Bradley,brada001,-0.177629006,1,0.290082228
103,Bobby,Bradley,bradb002,-3.252374697,49,26.93871873
104,Jackie,Bradley,bradj001,-8.92169415,567,299.2076059
105,Michael,Brantley,branm003,26.09358349,637,331.4033961
106,Rob,Brantly,branr002,-0.333237863,1,0.333237863
107,Ryan,Braun,braur002,12.66636735,508,256.5424049
108,Steven,Brault,braus002,-3.297336521,50,26.68408436
109,John,Brebbia,brebj001,0.407540299,1,0.534538863
110,Alex,Bregman,brega001,52.57710086,690,356.0779745
111,Jeff,Brigham,brigj002,-0.238764045,1,0.238764045
112,Lewis,Brinson,brinl001,-23.56123271,248,125.0357226
113,Socrates,Brito,brits001,-6.276623041,43,22.24725706
114,Aaron,Brooks,brooa001,-0.938215573,4,1.781016885
115,Mike,Brosseau,brosm001,2.148891774,142,71.78124438
116,Seth,Brown,brows003,1.624207848,83,53.05786386
117,Keon,Broxton,broxk001,-23.36037787,228,123.3240414
118,Jay,Bruce,brucj001,-0.911729776,332,161.7214001
119,Kris,Bryant,bryak001,27.13358536,634,300.6449367
120,Walker,Buehler,buehw001,-11.73715959,66,34.58832643
121,Madison,Bumgarner,bumgm001,-9.593313379,76,38.45335996
122,Dylan,Bundy,bundd001,-0.356909857,2,0.646992085
123,Corbin,Burnes,burnc002,-0.804065472,8,3.79082856
124,Drew,Butera,buted001,-5.776425676,49,26.56575112
125,Byron,Buxton,buxtb001,4.284788136,295,158.0630224
126,Asdrubal,Cabrera,cabra002,20.33985731,514,280.8553412
127,Genesis,Cabrera,cabrg001,-1.575178263,4,2.272600931
128,Miguel,Cabrera,cabrm001,5.392069748,549,286.9695795
129,Melky,Cabrera,cabrm002,-4.027637709,397,215.6159198
130,Trevor,Cahill,cahit001,-0.146644924,3,0.8189285
131,Lorenzo,Cain,cainl001,-20.68212611,623,311.2946016
132,Kole,Calhoun,calhk001,1.061804305,632,320.2657331
133,Willie,Calhoun,calhw001,4.166911059,337,174.7349208
134,Johan,Camargo,camaj001,-3.646590282,248,131.0902729
135,Jeimer,Candelario,candj002,-13.08619461,386,201.1694784
136,Mark,Canha,canhm001,25.64635376,497,260.9450186
137,Griffin,Canning,canng001,-0.416393051,2,0.528846273
138,Robinson,Cano,canor001,-12.36342424,422,208.660516
139,Matt,Carasiti,caram001,-0.44357499,1,1.16692284
140,Victor,Caratini,carav001,0.834089165,279,147.179824
141,Shane,Carle,carls002,-0.238764045,1,0.238764045
142,Matt,Carpenter,carpm002,-5.4485824,491,251.6615301
143,Ryan,Carpenter,carpr001,-1.06269589,2,1.06269589
144,Curt,Casali,casac001,3.186101394,236,115.5209184
145,Andrew,Cashner,casha001,-0.959707106,3,1.820901178
146,Diego,Castillo,castd002,-0.238764045,1,0.238764045
147,Harold,Castro,casth001,-4.688906158,369,178.7666689
148,Jason,Castro,castj006,-1.625760072,275,151.776755
149,Luis,Castillo,castl003,-18.46624614,66,39.27100884
150,Nick,Castellanos,castn001,17.85883632,664,313.2652131
151,Starlin,Castro,casts001,-12.16438758,676,348.0455637
152,Wilkin,Castillo,castw001,0.671846255,7,2.821720519
153,Welington,Castillo,castw002,-2.829577529,251,130.8319033
154,Willi,Castro,castw003,-8.067825405,110,57.21350892
155,Jake,Cave,cavej001,0.706903505,228,121.1777921
156,Juan,Centeno,centj001,-0.583627434,18,7.215918034
157,Francisco,Cervelli,cervf001,-7.388432938,160,78.26559782
158,Luis,Cessa,cessl001,-0.244456635,1,0.534538863
159,Jhoulys,Chacin,chacj001,-3.86138659,25,9.939060086
160,Yu,Chang,chany001,-7.630582742,84,42.8107446
161,Matt,Chapman,chapm001,28.38386405,670,330.2820034
162,J.T.,Chargois,charj001,-0.244456635,1,0.534538863
163,Tyler,Chatwood,chatt001,-3.094135697,21,13.31764964
164,Jesse,Chavez,chavj001,0.030984082,2,0.528846273
165,Michael,Chavis,chavm001,1.01098108,382,218.1530288
166,Wei-Yin,Chen,chenw001,-0.950931914,5,1.465920585
167,Robinson,Chirinos,chirr001,6.289270024,437,236.3013684
168,Yonny,Chirinos,chiry001,-0.796909569,2,1.793189657
169,Ji-Man,Choi,choij001,10.62191653,487,260.5251494
170,Shin-Soo,Choo,choos001,23.95109302,659,333.5639142
171,Steve,Cishek,cishs001,-0.48322068,2,0.773302908
172,Nick,Ciuffo,ciufn001,-1.017811795,6,4.817781416
173,Aaron,Civale,civaa001,-0.433519531,2,0.672283576
174,Taylor,Clarke,clart003,-3.747356393,25,14.46365642
175,Mike,Clevinger,clevm001,-0.703115259,2,0.993197486
176,Gerrit,Cole,coleg001,-1.85548148,7,2.640218278
177,Zack,Collins,collz001,0.585934903,102,50.74537333
178,Christian,Colon,coloc002,0.558603055,8,4.727289831
179,Michael,Conforto,confm001,25.46174596,648,336.2090869
180,Adam,Conley,conla001,-0.244456635,1,0.534538863
181,Willson,Contreras,contw001,11.35979447,409,214.5043579
182,Garrett,Cooper,coopg002,6.865120713,421,206.583085
183,Patrick,Corbin,corbp001,-10.55034657,72,39.66871475
184,Franchy,Cordero,cordf003,-0.112497666,20,10.26945524
185,Jimmy,Cordero,cordj001,-0.130827933,1,1.554425612
186,Ryan,Cordell,cordr001,-11.85428652,247,123.6713429
187,Carlos,Correa,corrc001,11.93681669,321,184.5976335
188,Ryan,Court,courr001,-0.740649028,25,12.41024083
189,Dylan,Covey,coved001,-0.356909857,2,0.646992085
190,Kaleb,Cowart,cowak001,-3.777790148,26,15.26918079
191,Zack,Cozart,cozaz001,-13.96050354,107,58.82986615
192,Dylan,Cozens,cozed001,-0.112453222,1,0.112453222
193,Brandon,Crawford,crawb001,-11.04266405,560,290.2154019
194,J. P.,Crawford,crawj002,1.037019582,396,204.4688281
195,C. J.,Cron,cronc002,0.53311269,500,251.5103768
196,Kevin,Cron,cronk001,-1.747142722,78,44.11980391
197,Nelson,Cruz,cruzn002,49.13804248,520,276.3703103
198,Johnny,Cueto,cuetj001,-0.778995499,4,1.471613175
199,Noel,Cuevas,cuevn001,0.3056218,2,2.114255966
200,Charlie,Culberson,culbc001,-6.170007404,144,79.80101982
201,Cheslor,Cuthbert,cuthc001,-14.98018523,330,168.5140381
202,David,Dahl,dahld001,14.38993155,413,215.8102042
203,Travis,d'Arnaud,darnt001,6.72824064,391,204.5470287
204,Yu,Darvish,darvy001,-11.22215104,62,29.75600992
205,Chris,Davis,davic003,-11.72013098,352,172.0869679
206,J. D.,Davis,davij006,5.532459289,453,238.1198179
207,Jonathan,Davis,davij007,-6.883360001,95,46.33197503
208,Jaylin,Davis,davij008,-4.026833573,47,22.9369217
209,Johnny,Davis,davij009,0.137078271,4,1.692397817
210,Khris,Davis,davik003,-10.8944489,533,286.3956144
211,Rajai,Davis,davir003,2.05507733,26,16.00775609
212,Rookie,Davis,davir004,-0.426323355,1,1.426940639
213,Taylor,Davis,davit004,-0.155273675,20,9.542720061
214,Zach,Davies,daviz001,-10.03582826,55,31.15653496
215,Yonathan,Daza,dazay001,-8.740347615,105,52.6535552
216,Austin,Dean,deana001,-5.660239365,189,89.7255066
217,Jacob,deGrom,degrj001,-4.785065478,70,32.96420017
218,Paul,DeJong,dejop001,-11.27397049,664,344.3654611
219,Nick,Delmonico,delmn001,-1.622499243,68,34.3556599
220,Enyel,De Los Santos,deloe001,-0.244456635,1,0.534538863
221,Travis,Demeritte,demet001,-8.910412723,186,87.79910735
222,Anthony,DeSclafani,desca001,-11.40706085,57,23.52825039
223,Daniel,Descalso,descd001,-13.61270064,194,95.48410179
224,Delino,DeShields,deshd002,-7.955294863,408,206.3302428
225,Ian,Desmond,desmi001,-3.768133228,482,259.0245258
226,Ross,Detwiler,detwr001,-0.356909857,2,0.646992085
227,Rafael,Devers,dever001,48.40119823,702,364.5070518
228,Aledmys,Diaz,diaza003,8.898997155,247,137.7389674
229,Elias,Diaz,diaze005,-15.60744997,332,175.301397
230,Isan,Diaz,diazi001,-5.294468936,201,105.3585671
231,Miguel,Diaz,diazm004,-0.112453222,1,0.112453222
232,Yandy,Diaz,diazy001,-1.92098653,346,178.2682113
233,Alex,Dickerson,dicka001,4.832232208,190,101.8887239
234,Corey,Dickerson,dickc002,21.52618289,278,140.4663328
235,Derek,Dietrich,dietd001,11.93497638,306,142.9645751
236,Wilmer,Difo,difow001,-8.316755366,145,70.6968844
237,Nick,Dini,dinin001,1.824965707,64,31.07611598
238,Brandon,Dixon,dixob001,-12.51758263,420,215.203034
239,Seranthony,Dominguez,domis001,-0.333237863,1,0.333237863
240,Josh,Donaldson,donaj001,27.55844312,659,343.0261143
241,Sean,Doolittle,dools001,-2.936884081,3,3.395542704
242,Brian,Dozier,dozib001,-3.780558645,482,240.3063789
243,Hunter,Dozier,dozih001,10.28991979,586,315.8394361
244,Oliver,Drake,drako001,0.914498039,1,0.544160584
245,Brandon,Drury,drurb001,-22.04897827,447,224.0077632
246,Mauricio,Dubon,dubom001,-1.1884098,111,54.16190685
247,Lucas,Duda,dudal001,-4.631577007,119,59.73698576
248,Danny,Duffy,duffd001,-0.05613019,4,0.998209351
249,Matt,Duffy,duffm002,-0.198673321,169,83.28729141
250,Robert,Dugger,duggr001,-2.502248506,11,4.463545546
251,Steven,Duggar,duggs001,-1.723788266,281,134.9413471
252,Justin,Dunn,dunnj002,-0.333237863,1,0.333237863
253,Jon,Duplantier,duplj001,-1.522834819,8,3.018851887
254,Montana,DuRapau,duram002,-0.623320091,4,0.974537358
255,Adam,Duvall,duvaa001,1.296798664,130,71.18247753
256,Jarrod,Dyson,dysoj001,-11.62670924,451,226.266137
257,Adam,Eaton,eatoa002,3.386306136,656,335.2446653
258,Tommy,Edman,edmat001,14.75310135,350,174.9872022
259,Zach,Eflin,efliz001,-9.021528632,52,23.82541147
260,Jerad,Eickhoff,eickj001,-4.178198794,19,11.17288024
261,Roenis,Elias,eliar001,-0.177629006,1,0.290082228
262,Jake,Elmore,elmoj001,-3.648930267,49,21.83273732
263,Edwin,Encarnacion,encae001,33.48446516,486,241.0498566
264,Adam,Engel,engea001,-4.811240664,248,133.0735805
265,Nathan,Eovaldi,eovan001,-0.879211834,2,2.114255966
266,Robbie,Erlin,erlir001,-1.023500843,4,1.023500843
267,Phil,Ervin,ervip001,-3.755694371,260,121.075316
268,Eduardo,Escobar,escoe001,20.61094161,699,367.551144
269,Luis,Escobar,escol001,-0.510866869,2,0.623320091
270,Tom,Eshelman,eshet001,-0.636287629,2,0.748740851
271,Thairo,Estrada,estrt001,2.590388912,69,35.1250509
272,Kyle,Farmer,farmk001,-4.329582773,198,110.0836093
273,Erick,Fedde,fedde001,-3.364035389,20,9.27165842
274,Tim,Federowicz,fedet001,-8.109459745,83,43.51506874
275,Caleb,Ferguson,fergc001,0.25282,2,0.351217267
276,Derek,Fisher,fishd001,-7.592872686,168,87.37727188
277,Jack,Flaherty,flahj002,-9.217656125,66,36.65202926
278,Ryan,Flaherty,flahr001,-2.543826855,22,10.50848959
279,David,Fletcher,fletd002,6.250077841,653,335.9351716
280,Chris,Flexen,flexc001,-0.051318183,2,0.402535449
281,Dylan,Floro,flord002,-0.463187946,2,1.476618025
282,Wilmer,Flores,florw001,0.97152122,285,148.5983594
283,Tyler,Flowers,flowt001,-14.73222016,310,163.7384418
284,Mike,Foltynewicz,foltm001,-8.522584536,38,18.88761922
285,Wilmer,Font,fontw001,-0.889440646,4,1.681337132
286,Mike,Ford,fordm002,10.1553218,163,68.95425221
287,Logan,Forsythe,forsl001,-3.007400523,367,202.6222643
288,Dexter,Fowler,fowld001,7.023518422,574,283.7172498
289,Jake,Fraley,fralj001,-7.253800668,41,23.63754825
290,Maikel,Franco,franm004,-6.228305702,428,218.7438418
291,Ty,France,frant002,-3.096083361,201,100.1725795
292,Adam,Frazier,fraza001,2.696984861,608,309.7915563
293,Clint,Frazier,frazc001,10.03211401,246,126.990849
294,Todd,Frazier,frazt001,-0.690270685,499,267.9812454
295,David,Freese,freed001,12.42040791,186,94.04363583
296,Freddie,Freeman,freef001,51.39269036,692,335.8063372
297,Kyle,Freeland,freek001,-5.926546,31,14.91715601
298,Mike,Freeman,freem002,1.000927486,213,111.5607895
299,David,Freitas,freid001,-2.55731525,20,7.759349965
300,Max,Fried,friem001,-9.401935497,65,37.86043626
301,Josh,Fuentes,fuenj001,-3.600488022,56,29.01573645
302,Carson,Fulmer,fulmc001,-0.458658623,1,0.458658623
303,Drew,Gagnon,gagnd001,-1.817767537,4,2.899332894
304,Rocky,Gale,galer002,-1.546191811,15,4.400342892
305,Cam,Gallagher,gallc001,-6.327330107,142,70.63156156
306,Giovanny,Gallegos,gallg001,-0.696350878,3,2.64879483
307,Isaac,Galloway,galli001,-6.860627352,54,28.26300633
308,Joey,Gallo,gallj002,13.54925863,297,159.7528
309,Zac,Gallen,gallz001,-5.098672607,24,12.46659574
310,Freddy,Galvis,galvf001,-7.752776963,588,293.5399788
311,Ben,Gamel,gameb001,5.530599088,356,174.1445456
312,John,Gant,gantj002,-0.467711233,3,0.692617677
313,Avisail,Garcia,garca003,-4.202892078,530,285.7586508
314,Aramis,Garcia,garca006,-3.732058896,46,27.51013111
315,Greg,Garcia,garcg002,3.297279411,372,195.2707519
316,Jarlin,Garcia,garcj006,-0.238764045,1,0.238764045
317,Leury,Garcia,garcl004,-17.80091849,618,321.0314409
318,Robel,Garcia,garcr005,-4.000595463,80,39.99357887
319,Rico,Garcia,garcr006,-0.177629006,1,0.290082228
320,Yimi,Garcia,garcy001,-1.49896173,2,3.876230123
321,Brett,Gardner,gardb001,5.273231347,550,290.1965775
322,Kyle,Garlick,garlk001,-1.965796984,53,23.93053429
323,Dustin,Garneau,garnd001,4.624360044,101,54.72232544
324,Mitch,Garver,garvm001,24.94597883,359,184.2594059
325,Kevin,Gausman,gausk001,-5.904123491,27,11.93351443
326,Scooter,Gennett,genns001,-9.589786749,139,71.38379801
327,Mike,Gerber,gerbm001,-7.210318281,26,13.82871112
328,Domingo,German,germd001,-2.82238309,8,4.34750945
329,Kyle,Gibson,gibsk002,-0.520760485,4,3.483588737
330,Lucas,Giolito,gioll001,0.340792659,4,2.502008653
331,Tyler,Glasnow,glast001,-0.422085641,2,0.824621091
332,Zack,Godley,godlz001,-1.83167335,23,12.56350987
333,Ryan,Goins,goinr001,-7.958588137,163,80.49497121
334,Paul,Goldschmidt,goldp001,23.00453584,682,353.5187572
335,Carlos,Gomez,gomec002,-5.258144382,99,52.66935953
336,Yan,Gomes,gomey001,-3.0416606,358,183.1908633
337,Tony,Gonsolin,gonst001,-1.900935537,14,6.499319459
338,Carlos,Gonzalez,gonzc001,-11.42033662,166,86.53477377
339,Chi Chi,Gonzalez,gonzc002,-5.152734848,24,11.95121038
340,Erik,Gonzalez,gonze004,-10.63717007,156,80.1351368
341,Gio,Gonzalez,gonzg003,-6.653461823,28,13.77287457
342,Marwin,Gonzalez,gonzm002,-4.132114601,463,212.4587285
343,Marco,Gonzales,gonzm005,0.672789623,6,3.87453269
344,Brian,Goodwin,goodb001,-2.180197872,458,232.1787367
345,Niko,Goodrum,goodn002,-14.48811675,472,254.5647504
346,Alex,Gordon,gorda001,6.355968707,633,322.812186
347,Dee,Gordon,gordd002,-9.898037765,421,219.5965207
348,Terrance,Gore,goret001,-0.293576613,58,26.6803964
349,Philip,Gosselin,gossp001,-3.037480144,68,33.05832865
350,Trevor,Gott,gottt001,-0.177629006,1,0.290082228
351,Matt,Grace,gracm003,-0.909362791,3,1.905642879
352,Curtis,Granderson,granc001,-5.563507514,363,178.8824202
353,Yasmani,Grandal,grany001,19.16576952,632,330.9640657
354,Juan,Graterol,gratj001,-2.226301177,18,7.780346749
355,Jon,Gray,grayj003,-14.59416031,59,31.8513211
356,Sonny,Gray,grays001,-7.640108483,61,31.38638076
357,Chad,Green,greec003,-0.321066309,1,0.559830354
358,Zach,Green,greez001,-1.543643329,16,9.352595057
359,Didi,Gregorius,gregd001,5.149444065,344,178.71341
360,Grayson,Greiner,greig001,-19.83520603,224,109.202874
361,Zack,Greinke,greiz001,-0.184403965,56,27.95366895
362,Randal,Grichuk,gricr001,-17.92356882,627,313.1228551
363,Trent,Grisham,grist001,1.13459941,184,99.61846154
364,Robbie,Grossman,grosr001,-5.832485853,482,236.2694876
365,Deivy,Grullon,gruld001,-1.415124477,9,4.446501456
366,Robert,Gsellman,gselr001,0.407540299,1,0.534538863
367,Javy,Guerra,guerj002,-1.310781076,5,3.627446973
368,Junior,Guerra,guerj003,-0.020334101,3,0.692617677
369,Vladimir,Guerrero,guerv002,4.657000867,514,268.081186
370,Luis,Guillorme,guill001,-4.788532319,70,34.57125698
371,Lourdes,Gurriel,gurrl001,7.97604516,343,177.7990289
372,Yuli,Gurriel,gurry001,21.83649749,612,330.4590038
373,Jandel,Gustave,gustj001,-0.112453222,1,0.112453222
374,Kelvin,Gutierrez,gutik001,-3.980007028,79,44.14825421
375,Ronald,Guzman,guzmr001,0.182605895,295,143.0735823
376,Jedd,Gyorko,gyorj001,-7.601336676,101,51.43677151
377,Eric,Haase,haase001,-1.710264998,17,8.482350874
378,Josh,Hader,hadej001,-0.697422668,2,0.697422668
379,Sam,Haggerty,haggs001,-0.771651063,4,1.109010728
380,Cole,Hamels,hamec001,-6.163372252,46,22.21380575
381,Billy,Hamilton,hamib001,-18.8485685,353,184.0984935
382,J. D.,Hammer,hammj003,-0.244456635,1,0.534538863
383,Garrett,Hampson,hampg001,-12.07362775,327,152.6518696
384,Mitch,Haniger,hanim001,-2.775511939,283,145.9194936
385,Alen,Hanson,hansa001,-4.81968791,48,27.34329423
386,Ian,Happ,happi001,7.523081257,156,81.32066291
387,J. A.,Happ,happj001,-1.009644459,4,2.33916241
388,Bryce,Harper,harpb003,46.35280982,682,347.7969025
389,Josh,Harrison,harrj002,-16.8273547,146,78.98484084
390,Donnie,Hart,hartd002,-0.355258012,2,0.580164455
391,Adam,Haseley,hasea001,-1.239138181,242,126.4602444
392,Austin,Hays,haysa001,6.814624531,75,35.14556583
393,Ryon,Healy,healr001,-3.104131907,187,97.15594922
394,Adeiny,Hechavarria,hecha001,8.37312772,221,105.9856393
395,Austin,Hedges,hedga001,-17.8219989,347,166.4131364
396,Scott,Heineman,heins001,-3.68420952,85,42.81540833
397,Tyler,Heineman,heint001,-0.137889619,12,5.86457494
398,Jeremy,Hellickson,hellj001,-1.596329923,13,6.312371843
399,Ryan,Helsley,helsr001,-1.031649091,3,2.958753826
400,Kyle,Hendricks,hendk001,-10.1321855,64,37.90120519
401,Guillermo,Heredia,hereg002,-9.047694422,231,120.4262807
402,Michael,Hermosillo,hermm001,-2.442341986,46,23.20689463
403,Cesar,Hernandez,hernc005,-7.877998723,667,342.190291
404,Enrique,Hernandez,herne001,-7.681908386,460,238.8457041
405,Elieser,Hernandez,herne002,-5.835246979,24,14.37142933
406,Felix,Hernandez,hernf002,-0.337359665,3,0.337359665
407,Gorkys,Hernandez,herng001,-6.53464231,57,31.22737718
408,Marco,Hernandez,hernm003,-10.51076359,155,79.63383633
409,Teoscar,Hernandez,hernt002,2.345577856,464,228.6940012
410,Chris,Herrmann,herrc001,-8.038223838,94,50.17346841
411,Odubel,Herrera,herro001,-4.575972179,139,77.26209265
412,Rosell,Herrera,herrr002,-5.263101822,119,62.91447417
413,David,Hess,hessd001,-1.196577269,4,2.76298034
414,Jason,Heyward,heywj001,-0.898468727,589,305.2748547
415,Aaron,Hicks,hicka001,2.692053286,255,135.0209433
416,John,Hicks,hickj001,-27.83396235,333,175.9210718
417,Kyle,Higashioka,higak001,-2.122656162,57,29.28371032
418,Rich,Hill,hillr001,-2.157754768,20,8.518606532
419,Sam,Hilliard,hills005,4.385212336,87,39.12712123
420,Keston,Hiura,hiurk001,9.858441662,348,188.7564022
421,Nico,Hoerner,hoern001,3.262587831,82,42.87124257
422,Jeff,Hoffman,hoffj003,-2.095472668,24,10.3653088
423,Bryan,Holaday,holab001,-2.79972405,129,67.24168481
424,Derek,Holland,holld003,-3.239673345,16,9.922155151
425,Clay,Holmes,holmc001,-1.092717372,5,1.668841082
426,Brock,Holt,holtb002,1.17441416,295,157.1915424
427,Rhys,Hoskins,hoskr001,9.395863373,705,369.4753917
428,Eric,Hosmer,hosme001,13.00083187,667,331.4793213
429,Adrian,Houser,housa001,-5.498198019,27,11.43279277
430,Sam,Howard,howas002,-0.244456635,1,0.534538863
431,Dakota,Hudson,hudsd002,-8.320504793,59,30.27812902
432,Joe,Hudson,hudsj002,-0.112453222,1,0.112453222
433,Jared,Hughes,hughj001,-0.488913271,2,1.069077726
434,Nick,Hundley,hundn001,-12.98255491,73,39.0636739
435,Chris,Iannetta,iannc001,-3.167975619,164,79.15961111
436,Jose,Iglesias,iglej001,-6.07087677,530,274.2252996
437,Raisel,Iglesias,igler001,-0.656613806,2,0.656613806
438,Ender,Inciarte,incie001,1.555880273,230,122.9153742
439,Cole,Irvin,irvic001,-0.662478002,8,4.001316861
440,Alex,Jackson,jacka002,-4.839700492,15,7.348228038
441,Drew,Jackson,jackd004,-0.544759711,4,1.34335411
442,Edwin,Jackson,jacke001,-0.976538835,3,1.647609369
443,Jay,Jackson,jackj001,-1.009053556,2,1.009053556
444,Travis,Jankowski,jankt001,-2.036149241,25,12.7648362
445,Danny,Jansen,jansd001,-8.956178466,384,198.2060793
446,Kenley,Jansen,jansk001,-0.321066309,1,0.559830354
447,Jon,Jay,jay-j001,-6.552108801,182,88.66633407
448,Jeremy,Jeffress,jeffj001,-0.177629006,1,0.290082228
449,Eloy,Jimenez,jimee001,3.730980246,504,266.5231021
450,Connor,Joe,joe-c001,-2.702260004,16,6.950492175
451,Brian,Johnson,johnb004,-0.321066309,1,0.559830354
452,Adam,Jones,jonea003,3.808470067,529,267.1753583
453,JaCoby,Jones,jonej006,-4.234066337,333,163.4602398
454,Corban,Joseph,josec001,-5.202487807,68,36.69211192
455,Caleb,Joseph,josec002,-2.40219063,41,22.10283262
456,Matthew,Joyce,joycm001,9.762964922,238,123.5538567
457,Aaron,Judge,judga001,19.25845496,447,228.6741934
458,Jakob,Junis,junij001,-0.355258012,2,0.580164455
459,Ariel,Jurado,juraa001,-0.244456635,1,0.534538863
460,Jung Ho,Kang,kangj001,-9.401896224,185,95.68951145
461,Brad,Keller,kellb003,-0.427908447,10,4.008999952
462,Carson,Kelly,kellc002,1.418704958,365,198.791875
463,Joe,Kelly,kellj001,-0.625529962,3,2.608957995
464,Merrill,Kelly,kellm002,-15.41702319,60,34.31144067
465,Mitch,Keller,kellm003,-3.232281454,11,5.414425159
466,Matt,Kemp,kempm001,-5.52170667,62,28.0563188
467,Tony,Kemp,kempt001,-7.921589609,279,129.5752216
468,Howie,Kendrick,kendh001,21.97814286,370,203.2580008
469,Max,Kepler,keplm001,27.79228607,596,308.2502949
470,Clayton,Kershaw,kersc001,-10.95511809,65,30.12854634
471,Dallas,Keuchel,keucd001,-7.270793969,41,17.4799735
472,Carter,Kieboom,kiebc001,-5.45348298,43,21.13063192
473,Kevin,Kiermaier,kierk001,-11.48075673,480,246.6442754
474,Yusei,Kikuchi,kikuy001,0.520239796,2,1.108733309
475,Isiah,Kiner-Falefa,kinei001,-15.18858067,222,122.2978321
476,Nick,Kingham,kingn001,-1.193307508,8,3.097752473
477,Scott,Kingery,kings001,-5.06748219,500,252.8924068
478,Tyler,Kinley,kinlt001,-0.244456635,1,0.534538863
479,Ian,Kinsler,kinsi001,-13.46464084,281,136.7986753
480,Jason,Kipnis,kipnj001,-5.796055002,511,266.0429071
481,Corey,Kluber,klubc001,-0.177629006,1,0.290082228
482,Andrew,Knapp,knapa001,-9.812044802,160,83.86202972
483,Andrew,Knizner,kniza001,-1.757096827,58,32.28657374
484,Matt,Koch,kochm001,-1.333084554,6,2.718319907
485,Kevin,Kramer,kramk001,-2.22758853,50,24.07927058
486,Erik,Kratz,krate001,-5.172289927,53,23.46001016
487,Joel,Kuhnel,kuhnj001,-0.342359544,1,0.723347851
488,Juan,Lagares,lagaj001,-15.89439622,286,147.6509872
489,Ryan,LaMarre,lamar001,-0.413849657,26,11.16245754
490,Jake,Lamb,lambj001,8.196083493,226,126.2910293
491,Peter,Lambert,lambp001,-2.196943767,34,14.17089241
492,Dinelson,Lamet,lamed001,-4.701415044,24,9.760433147
493,Tommy,La Stella,lastt001,1.724148876,321,168.3415835
494,Eric,Lauer,lauee001,-8.667431914,48,22.89406416
495,Ramon,Laureano,laurr001,9.837412353,481,253.6109053
496,Ryan,Lavarnway,lavar001,3.016798435,19,9.861207793
497,Mike,Leake,leakm001,-6.356800716,24,13.41990522
498,Wade,LeBlanc,leblw001,0.180947807,2,1.094369217
499,DJ,LeMahieu,lemad001,45.67330129,655,343.727949
500,Sandy,Leon,leons001,-9.847778037,191,96.64556645
501,Jon,Lester,lestj001,-0.65315589,53,20.37884069
502,Kyle,Lewis,lewik001,2.312906395,75,38.13531741
503,Domingo,Leyba,leybd001,2.324566103,30,16.71095234
504,Tzu-Wei,Lin,lin-t001,0.200811049,22,11.25285815
505,Francisco,Lindor,lindf001,9.542593963,654,331.0622274
506,Francisco,Liriano,lirif001,1.040852476,2,1.701461704
507,Tim,Locastro,locat001,1.584317246,250,128.5710306
508,Walker,Lockett,lockw001,-0.620631236,7,3.579354677
509,Evan,Longoria,longe001,4.900058872,508,271.3320595
510,Shed,Long,longs001,-2.156518069,168,84.6194139
511,Jorge,Lopez,lopej004,-0.559830354,2,0.893068218
512,Nicky,Lopez,lopen001,-22.89332301,402,205.3862658
513,Pablo,Lopez,lopep002,-6.991835698,36,22.12073676
514,Reynaldo,Lopez,loper003,-1.94404766,4,3.564249753
515,Tim,Lopes,lopet001,0.99668735,128,65.16204686
516,Michael,Lorenzen,lorem002,-1.061966081,53,27.6077165
517,Brandon,Lowe,loweb001,8.48663074,327,166.9408709
518,Nate,Lowe,lowen001,-0.264222675,170,90.83055467
519,Jed,Lowrie,lowrj001,-1.970713874,8,4.944712091
520,Joey,Lucchesi,luccj001,-11.65449815,54,25.57938173
521,Elvis,Luciano,lucie001,-0.238764045,1,0.238764045
522,Jonathan,Lucroy,lucrj001,-15.32405503,328,182.4927235
523,Dawel,Lugo,lugod001,-12.02997857,288,133.5914225
524,Seth,Lugo,lugos001,0.857775739,1,0.380988306
525,Jordan,Luplow,luplj001,13.57760061,261,140.7020435
526,Gavin,Lux,lux-g001,1.604223674,82,41.7095466
527,Jordan,Lyles,lylej001,-5.936124895,48,23.16533453
528,Lance,Lynn,lynnl001,-0.571111845,2,0.571111845
529,Tyler,Lyons,lyont001,-0.112453222,1,0.112453222
530,Manny,Machado,machm001,6.30737751,661,311.8620855
531,Kenta,Maeda,maedk001,-2.924892932,61,34.49881033
532,Tyler,Mahle,mahlt001,-9.774713955,41,23.7059736
533,Mikie,Mahtook,mahtm001,-5.340545064,25,12.16200756
534,Luke,Maile,maill001,-10.02853922,129,62.31484188
535,Martin,Maldonado,maldm001,-15.0278762,374,188.6501277
536,Trey,Mancini,manct001,22.71545967,679,339.4612354
537,Manuel,Margot,margm001,-16.03446105,441,216.0909507
538,Nick,Margevicius,margn001,-2.384661474,17,7.021585239
539,Jake,Marisnick,marij002,-12.069508,318,170.0105445
540,Nick,Markakis,markn001,9.954868536,469,250.8353182
541,Parker,Markel,markp001,-0.915055382,3,2.201417697
542,German,Marquez,marqg001,-1.745271994,58,33.14194487
543,Deven,Marrero,marrd001,-0.89144872,5,1.584066397
544,Carlos,Martinez,martc006,-0.770289511,1,0.770289511
545,J.D.,Martinez,martj006,32.8605957,657,341.1863374
546,Jose,Martinez,martj008,2.88803997,373,194.2194285
547,Jason,Martin,martj009,-0.859724033,40,16.80762658
548,Ketel,Marte,martk001,44.3769771,628,314.7409925
549,Leonys,Martin,martl004,-12.57821952,264,126.4792636
550,Nick,Martini,martn003,-0.560309761,109,55.17355156
551,Russell,Martin,martr004,-2.197097224,249,119.3881872
552,Richie,Martin,martr006,-24.38542282,309,161.5953628
553,Starling,Marte,marts002,14.98211807,586,310.7545168
554,James,Marvel,marvj001,-0.867776726,4,1.270312176
555,Jeff,Mathis,mathj001,-23.96489078,244,105.4770993
556,Phil,Maton,matop002,0.191382466,4,1.465231339
557,Steven,Matz,matzs001,-8.613600202,61,27.13989503
558,Dustin,May,may-d003,-2.277367263,11,3.965180895
559,Cameron,Maybin,maybc001,7.07044704,269,134.2161858
560,Mike,Mayers,mayem001,-0.382248807,1,0.942079162
561,Jack,Mayfield,mayfj001,-6.619871355,65,33.15070009
562,Nomar,Mazara,mazan001,4.509579669,469,252.9359168
563,Chris,Mazza,mazzc002,-0.798833001,3,1.747087296
564,Ryan,McBroom,mcbrr001,-3.182722644,83,45.28888942
565,Brian,McCann,mccab002,-2.356973566,316,168.936045
566,James,McCann,mccaj001,4.364807068,476,248.702059
567,Andrew,McCutchen,mccua001,10.14693193,262,127.90187
568,T.J.,McFarland,mcfat001,-0.92174432,5,2.368052689
569,Kyle,McGowin,mcgok002,-0.020334101,3,0.692617677
570,Reese,McGuire,mcgur002,1.892429841,105,47.31238244
571,Brendan,McKay,mckab001,-0.810258986,11,6.070161558
572,Billy,McKinney,mckib001,-4.253482791,276,132.6213731
573,Ryan,McMahon,mcmar001,0.6880816,539,283.658669
574,Jeff,McNeil,mcnej002,27.81199309,567,281.5665061
575,Alex,McRae,mcraa001,-0.882088094,7,3.213906234
576,Austin,Meadows,meada001,29.52888556,591,302.033408
577,John,Means,meanj001,0.396455,3,1.839206417
578,Erick,Mejia,mejie001,0.773372725,27,15.44483454
579,Francisco,Mejia,mejif001,-7.493985145,244,115.1861113
580,Seth,Mejias-Brean,mejis001,0.391446629,33,16.75738928
581,Keury,Mella,mellk001,-0.244456635,1,0.534538863
582,Tim,Melville,melvt001,-0.427539997,10,5.759373094
583,Danny,Mendick,mendd002,-2.817597087,40,19.56253949
584,Conner,Menez,menec001,-1.094946252,3,1.207399474
585,Daniel,Mengden,mengd001,-0.882742733,2,0.882742733
586,Jordy,Mercer,mercj002,-5.981835246,272,127.8160669
587,Oscar,Mercado,merco003,3.494167995,482,243.1957951
588,Whit,Merrifield,merrw001,11.47356473,735,384.8083736
589,Miles,Mikolas,mikom001,-8.549351703,62,24.85662233
590,Wade,Miley,milew001,-0.75800543,6,2.706657308
591,Alec,Mills,milla003,-2.431421433,12,5.593144862
592,Brad,Miller,millb002,5.242533366,170,89.33337142
593,Ian,Miller,milli001,-1.435277779,17,7.555281308
594,Shelby,Miller,mills001,0.23375218,3,0.463670488
595,Tommy,Milone,milot001,-0.356909857,2,0.646992085
596,Mike,Minor,minom001,-2.543363405,10,5.663887158
597,Yadier,Molina,moliy001,-7.930769739,452,232.8556689
598,Yoan,Moncada,moncy001,28.28036114,559,298.409666
599,Adalberto,Mondesi,mondr003,-1.634682518,443,239.1230088
600,Frankie,Montas,montf001,-0.024562057,2,0.773302908
601,Mike,Montgomery,montm002,-0.692617677,6,1.156288165
602,Dylan,Moore,moord002,-10.2655305,282,140.4206035
603,Colin,Moran,morac001,-4.699045323,503,284.5759375
604,Kendrys,Morales,morak001,-8.780171008,201,102.0113371
605,Adrian,Morejon,morea001,-0.177629006,1,0.290082228
606,Mitch,Moreland,morem001,4.034886327,335,189.7638676
607,Max,Moroff,morom001,-4.239238329,35,20.2099163
608,Logan,Morrison,morrl001,-0.979409226,38,17.59371296
609,Charlie,Morton,mortc002,-0.72178959,2,0.834242812
610,Mike,Moustakas,mousm001,9.173473447,584,315.7634471
611,Cedric,Mullins,mullc002,-10.05103501,74,39.50563969
612,Max,Muncy,muncm001,37.05481188,589,310.5472917
613,Yairo,Munoz,munoy001,-7.25738378,181,89.9674706
614,Daniel,Murphy,murpd006,10.73863953,478,251.1035777
615,J.R.,Murphy,murpj001,-3.439563528,70,33.04778047
616,Sean,Murphy,murps001,-0.645178542,60,30.29649132
617,Tom,Murphy,murpt002,2.316785753,281,140.5736057
618,Joe,Musgrove,musgj001,-8.752460707,61,29.95193565
619,Wil,Myers,myerw001,-6.693795057,489,239.597028
620,Tyler,Naquin,naqut001,-6.092735326,294,146.54175
621,Omar,Narvaez,narvo001,0.932422896,482,243.0027728
622,Josh,Naylor,naylj001,2.464001708,279,138.351908
623,Kristopher,Negron,negrk001,-4.229720927,82,42.84485389
624,Jimmy,Nelson,nelsj004,-0.660849686,3,1.063385136
625,Hector,Neris,nerih001,-0.380988306,1,0.380988306
626,Sheldon,Neuse,neuss001,-2.725206136,61,31.6638343
627,Sean,Newcomb,newcs001,-1.759698452,8,2.9673048
628,Kevin,Newman,newmk001,9.749468228,531,263.8575609
629,Juan,Nicasio,nicaj001,-0.7820781,2,1.530818951
630,Tomas,Nido,nidot001,-12.78252596,144,75.4600074
631,Brandon,Nimmo,nimmb001,10.31823949,254,131.3784356
632,Hector,Noesi,noesh001,-0.850053625,5,2.423314058
633,Aaron,Nola,nolaa001,-3.252764752,70,33.93648433
634,Austin,Nola,nolaa002,1.595342044,267,145.0421362
635,Jake,Noll,nollj001,0.183153451,13,6.57025625
636,Daniel,Norris,norrd002,-0.775657605,6,1.850476631
637,James,Norwood,norwj001,-0.112453222,1,0.112453222
638,Jacob,Nottingham,nottj001,2.772545244,7,4.856144425
639,Ivan,Nova,novai001,-0.89144872,5,1.584066397
640,Dom,Nunez,nuned001,-3.438527351,43,21.09637141
641,Eduardo,Nunez,nunee002,-15.70236697,174,98.59991214
642,Renato,Nunez,nuner001,4.020151561,599,306.3008701
643,Scott,Oberg,obers001,-0.112453222,1,0.112453222
644,Peter,O'Brien,obrip002,-4.597749088,47,24.41479905
645,Jake,Odorizzi,odorj001,-0.516674719,3,0.962365804
646,Rougned,Odor,odorr001,6.128570544,581,297.6754846
647,Brian,O'Grady,ograb001,-1.170500937,48,19.88399853
648,Ryan,O'Hearn,ohear001,-18.1030161,370,189.4555413
649,Shohei,Ohtani,ohtas001,8.337481527,425,225.2927231
650,Matt,Olson,olsom001,28.70969533,547,277.1519979
651,Tyler,O'Neill,oneit001,-1.302704225,151,75.87991327
652,Rafael,Ortega,orter001,-3.711139258,96,52.75632271
653,Josh,Osich,osicj001,-0.218731311,1,0.942079162
654,Jose,Osuna,osunj001,-0.66211437,285,144.3689836
655,Corey,Oswalt,oswac001,-0.507015107,3,3.521062469
656,Chris,Owings,owinc001,-17.88359753,196,96.44183209
657,Marcell,Ozuna,ozunm001,7.21690295,549,293.9453009
658,Chris,Paddack,paddc001,-7.534037942,46,22.02057726
659,Emilio,Pagan,pagae001,-0.177629006,1,0.290082228
660,Daniel,Palka,palkd001,-13.87128374,93,50.86816658
661,Joe,Panik,panij002,-14.15106124,491,253.1222629
662,Blake,Parker,parkb001,-0.177629006,1,0.290082228
663,Jarrett,Parker,parkj002,-1.730820511,15,6.594758612
664,Gerardo,Parra,parrg001,6.523175459,301,161.1742824
665,Wes,Parsons,parsw001,-0.295774818,3,0.937074312
666,James,Paxton,paxtj001,-2.351340306,8,5.124416509
667,Pedro,Payano,payap001,-0.177629006,1,0.290082228
668,Steve,Pearce,pears001,-8.378144074,99,55.8454018
669,Joc,Pederson,pedej001,16.36084788,514,261.307029
670,Dustin,Pedroia,pedrd001,-4.688385708,21,13.3892519
671,Felix,Pena,penaf002,-0.290082228,2,0.402535449
672,Hunter,Pence,pench001,22.22245659,316,157.7899417
673,David,Peralta,perad001,10.87441659,423,222.1793031
674,Freddy,Peralta,peraf001,-2.738543351,16,6.57499123
675,Jose,Peraza,peraj003,-19.46189527,404,193.1437623
676,Luis,Perdomo,perdl002,-0.953347808,7,3.007880191
677,Hernan,Perez,pereh001,-18.82770076,246,127.162518
678,Martin,Perez,perem004,-0.85501894,3,1.690820012
679,Michael,Perez,perem005,0.678967994,55,24.53038635
680,Roberto,Perez,perer003,-0.319722317,449,237.4668411
681,Dustin,Peterson,peted002,-3.798212415,47,27.98912653
682,Jace,Peterson,petej002,-3.162359918,108,50.75101554
683,Yusmeiro,Petit,petiy001,-1.628973105,1,1.628973105
684,Tommy,Pham,phamt001,9.581793553,654,344.8161314
685,Josh,Phegley,phegj001,6.580925844,342,171.5140406
686,Brett,Phillips,philb002,-5.542440602,79,42.55290005
687,Kevin,Pillar,pillk001,-8.678651754,645,335.4530082
688,Manny,Pina,pinam001,-5.470948741,179,97.16355365
689,Chad,Pinder,pindc001,-9.648164657,370,198.1542415
690,Michael,Pineda,pinem001,-2.097674629,4,2.478662935
691,Jose,Pirela,pirej001,-2.329606701,24,12.54800646
692,Stephen,Piscotty,piscs001,-10.6084488,393,197.9764619
693,Nick,Pivetta,piven001,-6.720999822,27,11.01505761
694,Kevin,Plawecki,plawk001,-9.197641314,174,95.74219804
695,Zach,Plesac,plesz001,-0.166305557,1,1.16692284
696,Adam,Plutko,pluta001,-0.703115259,2,0.993197486
697,Gregory,Polanco,polag001,-0.518727812,167,88.92144618
698,Jorge,Polanco,polaj001,24.91120196,704,358.6542101
699,A.J.,Pollock,polla001,-1.191658912,342,188.9256967
700,Drew,Pomeranz,pomed001,-5.387059265,20,8.609322477
701,Daniel,Ponce de Leon,poncd001,-2.643139155,12,7.502952595
702,Rick,Porcello,porcr001,-1.75214994,6,2.470497911
703,Buster,Posey,poseb001,-14.52424372,445,221.8066463
704,Martin,Prado,pradm001,-16.03952169,260,129.9409855
705,David,Price,pricd001,0.675733994,2,0.782924629
706,Jurickson,Profar,profj001,-6.950429943,518,271.4927999
707,Austin,Pruitt,pruia001,-0.112453222,1,0.112453222
708,Cesar,Puello,puelc001,4.180975535,147,72.86352804
709,Yasiel,Puig,puigy001,8.133808101,611,317.3281973
710,Albert,Pujols,pujoa001,3.558475919,545,303.8202207
711,Cal,Quantrill,quanc001,-5.750343122,30,18.93132959
712,Jose,Quijada,quijj001,-0.177629006,1,0.290082228
713,Jose,Quintana,quinj001,-13.32827447,63,33.55255502
714,Roman,Quinn,quinr003,-3.954289733,123,63.55377612
715,Tanner,Rainey,raint003,-0.112453222,1,0.112453222
716,Hanley,Ramirez,ramih003,-0.942409905,57,29.82733682
717,Harold,Ramirez,ramih004,0.105525935,446,228.860082
718,Jose,Ramirez,ramij003,14.49630144,542,285.7719319
719,Nick,Ramirez,ramin003,-0.321066309,1,0.559830354
720,Yefry,Ramirez,ramiy001,-0.422085641,2,0.824621091
721,Wilson,Ramos,ramow001,12.64994802,524,270.1273865
722,Rangel,Ravelo,raver001,-0.326443268,43,22.9936889
723,Robbie,Ray,ray-r002,-14.36151497,60,28.96825086
724,Raudy,Read,readr002,-3.660133727,11,6.124993097
725,J.T.,Realmuto,realj001,5.061897902,593,307.2124327
726,Josh,Reddick,reddj001,0.88888916,550,291.5255803
727,A.J.,Reed,reeda002,-5.119094571,49,22.70609776
728,Cody,Reed,reedc002,-0.321066309,1,0.559830354
729,Michael,Reed,reedm001,-2.761323141,8,4.541404403
730,Sean,Reid-Foley,reids001,-0.244456635,1,0.534538863
731,Anthony,Rendon,renda001,61.31469835,646,349.1312091
732,Hunter,Renfroe,renfh001,-6.422221567,494,241.6454403
733,Luis,Rengifo,rengl001,-9.235118625,406,201.9841457
734,Franmil,Reyes,reyef001,-0.670167571,548,272.2338199
735,Gerardo,Reyes,reyeg002,-0.333237863,1,0.333237863
736,Pablo,Reyes,reyep001,-4.863559652,157,78.7609447
737,Victor,Reyes,reyev001,-1.251283438,292,139.8218294
738,Bryan,Reynolds,reynb001,28.72796459,546,285.4417505
739,Mark,Reynolds,reynm001,-5.310233735,162,81.82019
740,Garrett,Richards,richg002,-0.814328462,3,1.820901178
741,Trevor,Richards,richt001,-6.369312052,34,17.58020892
742,Joey,Rickard,rickj001,-6.071819019,189,86.25705674
743,JT,Riddle,riddj001,-9.829995215,139,66.50973959
744,Austin,Riley,rilea001,2.119074183,297,156.9746514
745,Edwin,Rios,riose001,2.158340091,56,23.29647185
746,Felipe,Vazquez,rivef001,-0.697422668,2,0.697422668
747,Rene,Rivera,river003,-0.203439709,20,11.82217648
748,Yadiel,Rivera,rivey001,-5.035497361,66,34.16124999
749,Anthony,Rizzo,rizza001,46.68022489,613,301.8157198
750,Tanner,Roark,roart001,-4.505244558,34,15.47421668
751,Daniel,Robertson,robed004,-10.01240475,237,128.1455449
752,Drew,Robinson,robid003,-1.711056591,7,4.127372243
753,Victor,Robles,roblv001,0.82218205,617,312.8548059
754,Brendan,Rodgers,rodgb002,-3.509073713,81,37.40554489
755,Dereck,Rodriguez,rodrd001,-4.129200969,29,10.68828321
756,Eduardo,Rodriguez,rodre004,-1.74709079,9,4.836115481
757,Ronny,Rodriguez,rodrr009,-14.67346545,294,157.5902393
758,Sean,Rodriguez,rodrs002,-1.338905624,140,72.67409837
759,Jake,Rogers,rogej004,-15.04649006,128,71.01756273
760,Josh,Rojas,rojaj001,-5.71013271,157,82.77242508
761,Miguel,Rojas,rojam002,-18.9872978,526,269.7025269
762,Sal,Romano,romas001,-1.009053556,2,1.009053556
763,Austin,Romine,romia002,1.524423089,240,130.6416189
764,Jose,Rondon,rondj002,-16.90498667,157,82.16154316
765,Amed,Rosario,rosaa003,1.242179323,655,354.637619
766,Eddie,Rosario,rosae001,12.19494165,590,319.0923588
767,Randy,Rosario,rosar002,-0.380988306,1,0.380988306
768,Joe,Ross,rossj002,-2.595616107,20,7.996664559
769,Rio,Ruiz,ruizr002,0.068865269,413,187.3115207
770,Addison,Russell,russa002,-7.261009685,241,114.8806699
771,Kyle,Ryan,ryank002,-0.230599034,3,0.759445306
772,Hyun-Jin,Ryu,ryu-h001,-11.19420565,67,36.92029251
773,CC,Sabathia,sabac001,-0.599714647,3,1.114703318
774,Casey,Sadler,sadlc002,-0.959707106,3,1.820901178
775,Tyler,Saladino,salat001,-7.058947634,71,36.48461322
776,Jeff,Samardzija,samaj001,-9.906580485,56,32.10237124
777,Adrian,Sampson,sampa001,0.092119121,2,0.580164455
778,Anibal,Sanchez,sanca004,-10.98329437,56,24.40139306
779,Aaron,Sanchez,sanca006,-0.355258012,2,0.580164455
780,Adrian,Sanchez,sanca007,-1.307737801,32,17.80829092
781,Carlos,Sanchez,sancc001,-15.22875192,555,281.2580331
782,Gary,Sanchez,sancg002,6.982781462,446,226.3459549
783,Pablo,Sandoval,sandp001,2.022072488,296,154.9261747
784,Patrick,Sandoval,sandp002,-0.356909857,2,0.646992085
785,Miguel,Sano,sanom001,21.19078575,439,219.2980742
786,Anthony,Santander,santa003,0.759911793,405,206.7340959
787,Carlos,Santana,santc002,29.42301525,686,338.59762
788,Danny,Santana,santd001,15.13624302,511,261.4196397
789,Domingo,Santana,santd002,0.48693231,507,249.6362581
790,Dennis,Santana,santd003,0.168776254,2,0.773302908
791,Max,Scherzer,schem001,-9.376448225,61,29.95270612
792,Scott,Schebler,sches001,-10.9075394,95,49.57430645
793,Jonathan,Schoop,schoj001,-5.136770602,464,230.8111802
794,Frank,Schwindel,schwf001,-0.549258826,15,5.712638195
795,Kyle,Schwarber,schwk001,18.05710316,610,317.9316998
796,Corey,Seager,seagc001,15.99495432,541,296.6543205
797,Kyle,Seager,seagk001,7.074476672,443,236.038162
798,Jean,Segura,seguj002,-0.390432193,618,304.0990478
799,Marcus,Semien,semim001,40.52726449,747,356.7555799
800,Antonio,Senzatela,senza001,-7.698392462,46,20.96899301
801,Nick,Senzel,senzn001,0.086455152,413,195.7055502
802,Pedro,Severino,sevep001,-1.502352854,341,184.3062791
803,Paul,Sewald,sewap001,-0.333237863,1,0.333237863
804,Chris,Shaw,shawc001,-2.186235998,20,10.82758164
805,Travis,Shaw,shawt001,-25.49326389,270,135.8057118
806,Justus,Sheffield,shefj001,-0.510866869,2,0.623320091
807,Jimmie,Sherfy,sherj001,-0.948255512,2,2.277773463
808,Chasen,Shreve,shrec001,0.311630888,1,0.458658623
809,JB,Shuck,shucj001,0.497281012,57,20.77104385
810,Magneuris,Sierra,sierm002,-1.713320016,42,21.6229251
811,Andrelton,Simmons,simma001,-16.02163641,424,219.9619767
812,Lucas,Sims,simsl001,-1.318258891,8,3.742929968
813,Chance,Sisco,siscc001,0.470940607,198,97.96801854
814,Tyler,Skaggs,skagt001,-0.135363434,3,0.8189285
815,Matt,Skole,skolm001,-6.479453295,80,43.49485791
816,Austin,Slater,slata001,3.817317755,192,98.11751037
817,Burch,Smith,smitb005,-0.238764045,1,0.238764045
818,Caleb,Smith,smitc006,-3.275013278,49,24.842167
819,Dwight,Smith,smitd007,-2.790859127,392,198.5253642
820,Dominic,Smith,smitd008,3.762734123,197,92.14816359
821,Kevan,Smith,smitk002,-7.190903149,211,100.990387
822,Mallex,Smith,smitm007,-22.41348764,566,294.2249839
823,Will,Smith,smitw002,1.415995467,2,1.546116429
824,Will,Smith,smitw003,13.79928426,196,95.95402817
825,Justin,Smoak,smoaj001,5.062249443,500,237.1084589
826,Drew,Smyly,smyld001,-6.000305167,20,11.92271438
827,Chad,Sobotka,soboc001,-0.422085641,2,0.824621091
828,Eric,Sogard,sogae001,7.959612809,442,217.3840042
829,Donovan,Solano,solad001,5.594555342,228,110.5075291
830,Nick,Solak,solan001,8.659090843,135,67.33595886
831,Yangervis,Solarte,solay001,-6.226020338,78,41.00474552
832,Jorge,Soler,solej001,35.43364659,679,353.7960119
833,Mike,Soroka,sorom001,-10.2152289,63,32.01839025
834,Edmundo,Sosa,sosae001,-0.656755522,10,4.164635826
835,Gregory,Soto,sotog003,0.815080597,2,1.069077726
836,Juan,Soto,sotoj001,34.33086293,659,369.5983447
837,Cory,Spangenberg,spanc001,-4.900269337,102,53.52874961
838,Glenn,Sparkman,sparg001,-0.416393051,2,0.528846273
839,George,Springer,sprig001,31.9224631,556,304.2874626
840,Jacob,Stallings,stalj001,-7.531877451,210,99.18829872
841,Craig,Stammen,stamc001,-0.333237863,1,0.333237863
842,Eric,Stamets,stame001,-7.216027803,48,26.40501822
843,Giancarlo,Stanton,stanm004,6.441025893,72,35.6140531
844,Bubba,Starling,starb001,-17.02032427,197,104.4975539
845,Max,Stassi,stasm001,-19.51226216,147,73.18049146
846,Robert,Stephenson,stepr002,-0.177629006,1,0.290082228
847,Andrew,Stevenson,steva001,1.272111012,37,15.770908
848,Brock,Stewart,stewb001,-0.339093171,3,1.344614611
849,Christin,Stewart,stewc002,-8.381612932,416,210.5510704
850,DJ,Stewart,stewd002,-2.322120135,142,69.60830282
851,Trevor,Story,stort001,30.70902435,656,334.0704616
852,Chris,Stratton,strac001,-1.756384685,4,3.427455219
853,Matt,Strahm,stram001,-1.791730891,27,14.01911658
854,Myles,Straw,stram002,-3.65663597,128,63.24642404
855,Stephen,Strasburg,stras001,-7.647323276,80,38.44888861
856,Ross,Stripling,strir001,-4.060652421,24,12.29515295
857,Marcus,Stroman,strom001,-5.011076651,25,10.43833684
858,Garrett,Stubbs,stubg001,-3.40731837,39,20.49010768
859,Andrew,Suarez,suara002,0.775093557,3,0.995195955
860,Eugenio,Suarez,suare001,28.70772193,662,337.8035753
861,Jose,Suarez,suarj001,-0.356909857,2,0.646992085
862,Ranger,Suarez,suarr001,-0.626959351,5,1.991606696
863,Jesus,Sucre,sucrj001,-3.266617893,67,30.54766474
864,Wander,Suero,suerw002,-0.112453222,1,0.112453222
865,Brent,Suter,suteb001,-0.351217267,2,0.351217267
866,Ichiro,Suzuki,suzui001,-0.832947836,6,3.834069149
867,Kurt,Suzuki,suzuk001,9.975005157,309,172.7020382
868,Dansby,Swanson,swand001,-6.954562077,545,300.2553884
869,Erik,Swanson,swane001,-0.621203996,2,1.457005068
870,Blake,Swihart,swihb001,-4.722352515,99,55.4506157
871,Noah,Syndergaard,syndn001,-12.91628404,69,30.33454168
872,Jameson,Taillon,tailj001,-1.505705565,11,5.471044642
873,Masahiro,Tanaka,tanam001,-0.177629006,1,0.290082228
874,Raimel,Tapia,tapir001,-5.665047257,447,222.2986624
875,Fernando,Tatis,tatif002,22.13046248,372,181.9896086
876,Mike,Tauchman,taucm001,9.86813923,296,155.5909686
877,Beau,Taylor,taylb003,-1.661108394,30,15.3832515
878,Chris,Taylor,taylc001,6.215796734,414,214.0543141
879,Michael,Taylor,taylm002,-7.007127725,97,52.4569862
880,Tyrone,Taylor,taylt002,1.945708947,12,6.650185685
881,Julio,Teheran,tehej001,-10.20931027,60,26.12222858
882,Ruben,Tejada,tejar001,-2.751450283,9,4.539221085
883,Rowdy,Tellez,tellr001,-14.17187508,409,210.1647523
884,Matt,Thaiss,thaim001,-5.277558108,164,86.48976835
885,Eric,Thames,thame001,10.67195329,459,232.1130395
886,Lane,Thomas,thoml002,4.499897323,44,23.08647929
887,Trent,Thornton,thort002,0.49965942,3,1.114703318
888,Charlie,Tilson,tilsc001,-5.396804703,157,79.43975174
889,Jesus,Tinoco,tinoj001,-1.156830241,6,2.383136323
890,Yasmany,Tomas,tomay001,-1.461061119,6,1.924731607
891,Josh,Tomlin,tomlj001,-0.871898528,6,1.274433977
892,Abraham,Toro,toroa001,-5.743090884,89,56.36232108
893,Gleyber,Torres,torrg001,11.32414407,604,315.9095799
894,Luis,Torrens,torrl001,-1.933536384,16,8.307096677
895,Ronald,Torreyes,torrr001,-1.220872459,17,8.282861049
896,Touki,Toussaint,toust001,-2.37671883,10,4.260395591
897,Wilfredo,Tovar,tovaw001,-5.732336978,88,46.51607569
898,Sam,Travis,travs001,-7.347460925,157,82.55431567
899,Jose,Trevino,trevj001,-4.518240692,126,68.95354902
900,Mike,Trout,troum001,65.34535263,600,319.7751883
901,Mark,Trumbo,trumm001,-2.246177358,31,15.91765801
902,Cole,Tucker,tuckc001,-8.33846212,159,85.80583252
903,Kyle,Tucker,tuckk001,-0.036423536,72,44.5133242
904,Troy,Tulowitzki,tulot001,-1.379804465,13,5.756138274
905,Justin,Turner,turnj001,22.47544284,549,264.2693246
906,Spencer,Turnbull,turns003,-2.749688166,8,4.825124475
907,Trea,Turner,turnt001,10.94330184,568,291.3072548
908,Duane,Underwood,unded001,-0.177629006,1,0.290082228
909,Justin,Upton,uptoj001,-1.90994485,256,151.240138
910,Jose,Urena,urenj001,-4.972323942,22,12.66703152
911,Richard,Urena,urenr001,-3.81025129,80,36.04011587
912,Julio,Urias,uriaj001,-0.162452299,18,9.31225631
913,Luis,Urias,urial001,-3.779068433,249,119.583411
914,Jose,Urquidy,urquj001,-0.866124881,4,1.203484546
915,Gio,Urshela,urshg001,18.37928833,476,242.5111603
916,Pat,Valaika,valap001,-1.954431354,86,41.64487252
917,Breyvic,Valera,valeb001,0.096872759,52,25.03259271
918,Josh,VanMeter,vanmj001,-8.489244253,260,129.0525677
919,Ildemaro,Vargas,vargi001,-1.441392154,211,111.0170165
920,Jason,Vargas,vargj001,-10.08145016,45,23.53906187
921,Christian,Vazquez,vazqc001,-2.009087566,521,269.4179574
922,Andrew,Velazquez,velaa001,-4.578637021,24,9.612588507
923,Hector,Velazquez,velah001,-0.321066309,1,0.559830354
924,Vince,Velasquez,velav001,-3.214594,36,18.16690911
925,Alex,Verdugo,verda001,0.408404866,377,201.1060982
926,Justin,Verlander,verlj001,-1.240736723,2,1.530818951
927,Jonathan,Villar,villj001,-0.155483443,714,360.5341523
928,Meibrys,Viloria,vilom001,-7.31541262,148,76.35357688
929,Nick,Vincent,vincn001,-0.727677316,3,1.307841771
930,Dan,Vogelbach,voged001,6.011402029,558,273.9433892
931,Stephen,Vogt,vogts001,5.063252831,280,154.5643582
932,Luke,Voit,voitl001,24.4354265,510,264.1447618
933,Austin,Voth,votha001,-1.680630617,10,3.875062552
934,Joey,Votto,vottj001,3.730459066,608,297.6040252
935,Michael,Wacha,wachm001,-6.385101599,39,23.43566874
936,LaMonte,Wade,wadel001,0.641189936,69,33.15015474
937,Tyler,Wade,wadet002,-1.834561041,108,58.22893306
938,Jacob,Waguespack,waguj001,-0.499134119,3,1.027980391
939,Adam,Wainwright,waina001,-8.283208864,59,30.07580095
940,Mitch,Walding,waldm001,-0.416393051,2,0.528846273
941,Marcus,Walden,waldm002,-0.244456635,1,0.534538863
942,Christian,Walker,walkc002,6.775319268,603,304.3976299
943,Jeremy,Walker,walkj002,-0.112453222,1,0.112453222
944,Neil,Walker,walkn001,-6.537816692,381,200.5063852
945,Chad,Wallach,wallc001,0.360582284,54,20.86591347
946,Jared,Walsh,walsj001,-2.224661128,87,40.99073199
947,Donnie,Walton,waltd002,-0.089320765,19,9.642807637
948,Taylor,Ward,wardt002,-4.894605628,48,20.5364462
949,Luke,Weaver,weavl001,-2.850939354,21,12.22761773
950,Jacob,Webb,webbj002,-0.112453222,1,0.112453222
951,Logan,Webb,webbl001,-2.567061586,11,5.282545709
952,Joey,Wendle,wendj002,-14.09231168,263,134.10684
953,Zach,Wheeler,wheez001,-4.817470224,64,36.8901889
954,Tyler,White,whitt002,-16.85894571,279,147.2517979
955,Brad,Wieck,wiecb001,-0.290082228,2,0.402535449
956,Matt,Wieters,wietm001,-4.028114033,183,95.47936374
957,Aaron,Wilkerson,wilka003,1.252676325,3,1.419607251
958,Stevie,Wilkerson,wilks001,-18.84939161,361,187.0093139
959,Devin,Williams,willd004,-0.244456635,1,0.534538863
960,Mason,Williams,willm007,-2.62238434,34,17.47391864
961,Mac,Williamson,willm008,-10.2561797,144,72.63352517
962,Nick,Williams,willn001,-15.00332182,112,54.01992464
963,Trevor,Williams,willt002,-4.940080255,44,23.41198006
964,Taylor,Williams,willt003,-0.558145525,1,1.554425612
965,Bobby,Wilson,wilsb002,-8.38302837,47,24.02152435
966,Bryse,Wilson,wilsb003,-1.710021761,9,3.853230771
967,Dan,Winkler,winkd001,-0.218731311,1,0.942079162
968,Jesse,Winker,winkj002,-0.33740703,382,189.6283823
969,Patrick,Wisdom,wisdp001,-3.003571668,28,13.44447649
970,Matt,Wisler,wislm001,-0.177629006,1,0.290082228
971,Asher,Wojciechowski,wojca001,-0.177629006,1,0.290082228
972,Tony,Wolters,woltt001,-3.675486278,411,219.3580688
973,Kolten,Wong,wongk001,12.17105464,549,272.9098431
974,Kean,Wong,wongk002,-2.106508606,18,8.410272085
975,Alex,Wood,wooda002,-2.827178179,12,6.991322077
976,Brandon,Woodruff,woodb005,-3.111849883,49,26.01011616
977,Kyle,Wright,wrigk001,-1.992952828,6,3.759522427
978,Austin,Wynns,wynna001,-3.695443521,74,35.04931646
979,Jordan,Yamamoto,yamaj001,-5.999579794,26,13.60950926
980,Mike,Yastrzemski,yastm001,6.022753547,411,223.802064
981,Christian,Yelich,yelic001,56.13239208,579,293.7901973
982,Alex,Young,youna002,-4.09549077,25,7.947437198
983,Mark,Zagunis,zagum002,0.420416495,40,20.39977063
984,Seby,Zavala,zavas001,-2.121268225,12,5.612596998
985,T.J.,Zeuch,zeuct001,-0.177629006,1,0.290082228
986,Bradley,Zimmer,zimmb001,-2.901647547,14,6.599508595
987,Jordan,Zimmermann,zimmj003,-0.290082228,2,0.402535449
988,Ryan,Zimmerman,zimmr001,-0.994121589,190,102.5855375
989,Ben,Zobrist,zobrb001,1.954150733,176,99.64311917
990,Mike,Zunino,zunim001,-20.76867861,289,157.1633347
